customer_id,customer_name
AA-10315,"ALEX AVILA"
AA-10375,"ALLEN ARMOLD"
AA-10480,"ANDREW ALLEN"
AA-10645,"ANNA ANDREADI"
AB-10015,"AARON BERGMAN"
AB-10060,"ADAM BELLAVANCE"
AB-10105,"ADRIAN BARTON"
AB-10150,"AIMEE BIXBY"
AB-10165,"ALAN BARNES"
AB-10255,"ALEJANDRO BALLENTINE"
AB-10600,"ANN BLUME"
AC-10420,"ALYSSA CROUSE"
AC-10450,"AMY COX"
AC-10615,"ANN CHONG"
AC-10660,"ANNA CHUNG"
AD-10180,"ALAN DOMINGUEZ"
AF-10870,"ART FERGUSON"
AF-10885,"ART FOSTER"
AG-10270,"ALEJANDRO GROVE"
AG-10300,"ALEKSANDRA GANNAWAY"
AG-10330,"ALEX GRAYSON"
AG-10390,"ALLEN GOLDENEN"
AG-10495,"ANDREW GJERTSEN"
AG-10525,"ANDY GERBODE"
AG-10675,"ANNA GAYMAN"
AG-10765,"ANTHONY GARVERICK"
AG-10900,"ARTHUR GAINER"
AH-10030,"AARON HAWKINS"
AH-10075,"ADAM HART"
AH-10120,"ADRIAN HANE"
AH-10195,"ALAN HAINES"
AH-10210,"ALAN HWANG"
AH-10465,"AMY HUNT"
AH-10585,"ANGELE HOOD"
AH-10690,"ANNA H?BERLIN"
AI-10855,"ARIANNE IRVING"
AJ-10780,"ANTHONY JACOBS"
AJ-10795,"ANTHONY JOHNSON"
AJ-10945,"ASHLEY JARBOE"
AJ-10960,"ASTREA JONES"
AM-10360,"ALICE MCCARTHY"
AM-10705,"ANNE MCFARLAND"
AO-10810,"ANTHONY O'DONNELL"
AP-10720,"ANNE PRYOR"
AP-10915,"ARTHUR PRICHEP"
AR-10345,"ALEX RUSSELL"
AR-10405,"ALLEN ROSENBLATT"
AR-10510,"ANDREW ROBERTS"
AR-10540,"ANDY REITER"
AR-10570,"ANEMONE RATNER"
AR-10825,"ANTHONY RAWLES"
AS-10045,"AARON SMAYLING"
AS-10090,"ADAM SHILLINGSBURG"
AS-10135,"ADRIAN SHAMI"
AS-10225,"ALAN SCHOENBERGER"
AS-10240,"ALAN SHONELY"
AS-10285,"ALEJANDRO SAVELY"
AS-10630,"ANN STEELE"
AT-10435,"ALYSSA TATE"
AT-10735,"ANNIE THURMAN"
AW-10840,"ANTHONY WITT"
AW-10930,"ARTHUR WIEDIGER"
AY-10555,"ANDY YOTOV"
AZ-10750,UNKNOWN
BB-10990,"BARRY BLUMSTEIN"
BB-11545,"BRENDA BOWMAN"
BC-11125,"BECKY CASTELL"
BD-11320,"BILL DONATELLI"
BD-11500,"BRADLEY DRUCKER"
BD-11560,"BRENDAN DODSON"
BD-11605,"BRIAN DAHLEN"
BD-11620,"BRIAN DECHERNEY"
BD-11635,"BRIAN DERR"
BD-11725,"BRUCE DEGENHARDT"
BD-11770,"BRYAN DAVIS"
BE-11335,"BILL EPLETT"
BE-11410,"BOBBY ELIAS"
BE-11455,"BRAD EASON"
BF-10975,"BARBARA FISHER"
BF-11005,"BARRY FRANZ"
BF-11020,"BARRY FRANZ?SISCH"
BF-11080,"BART FOLK"
BF-11170,"BEN FERRER"
BF-11215,"BENJAMIN FARHAT"
BF-11275,"BETH FRITZLER"
BG-11035,"BARRY GONZALEZ"
BG-11695,"BROOKE GILLINGHAM"
BG-11740,"BRUCE GELD"
BH-11710,"BROSINA HOFFMAN"
BK-11260,"BERENIKE KAMPE"
BM-11140,"BECKY MARTIN"
BM-11575,"BRENDAN MURRY"
BM-11650,"BRIAN MOSS"
BM-11785,"BRYAN MILLS"
BN-11470,"BRAD NORVELL"
BN-11515,"BRADLEY NGUYEN"
BO-11350,"BILL OVERFELT"
BO-11425,"BOBBY ODEGARD"
BP-11050,"BARRY POND"
BP-11095,"BART PISTOLE"
BP-11155,"BECKY PAK"
BP-11185,"BEN PETERMAN"
BP-11230,"BENJAMIN PATTERSON"
BP-11290,"BETH PAIGE"
BS-11365,"BILL SHONELY"
BS-11380,"BILL STEWART"
BS-11590,"BRENDAN SWEED"
BS-11665,"BRIAN STUGART"
BS-11755,"BRUCE STEWART"
BS-11800,"BRYAN SPRUELL"
BT-11305,"BETH THOMPSON"
BT-11395,"BILL TYLER"
BT-11440,"BOBBY TRAFTON"
BT-11485,"BRAD THOMAS"
BT-11530,"BRADLEY TALBOTT"
BT-11680,"BRIAN THOMPSON"
BV-11245,"BENJAMIN VENIER"
BW-11065,"BARRY WEIRICH"
BW-11110,"BART WATTERS"
BW-11200,"BEN WALLACE"
CA-11965,"CAROL ADAMS"
CA-12055,"CATHY ARMSTRONG"
CA-12265,"CHRISTINA ANDERSON"
CA-12310,"CHRISTINE ABELMAN"
CA-12775,"CYNTHIA ARNTZEN"
CB-12025,"CASSANDRA BRANDOW"
CB-12415,"CHRISTY BRITTAIN"
CB-12535,"CLAUDIA BERGMANN"
CC-12100,"CHAD CUNNINGHAM"
CC-12145,"CHARLES CRESTANI"
CC-12220,"CHRIS CORTES"
CC-12370,"CHRISTOPHER CONANT"
CC-12430,"CHUCK CLARK"
CC-12475,"CINDY CHAPMAN"
CC-12550,"CLAY CHEATHAM"
CC-12610,"COREY CATLETT"
CC-12670,"CRAIG CARREIRA"
CD-11920,"CARLOS DALY"
CD-11980,"CAROL DARLEY"
CD-12280,"CHRISTINA DEMOSS"
CD-12790,"CYNTHIA DELANEY"
CG-12040,"CATHERINE GLOTZBACH"
CG-12520,"CLAIRE GUTE"
CH-12070,"CATHY HWANG"
CJ-11875,"CARL JACKSON"
CJ-12010,"CAROLINE JUMPER"
CK-12205,"CHLORIS KASTENSMIDT"
CK-12325,"CHRISTINE KARGATIS"
CK-12595,"CLYTIE KELTY"
CK-12760,"CYMA KINNEY"
CL-11890,"CARL LUDWIG"
CL-12565,"CLAY LUDTKE"
CL-12700,"CRAIG LESLIE"
CM-11815,"CANDACE MCMAHON"
CM-11935,"CARLOS MEADOR"
CM-12115,"CHAD MCGUIRE"
CM-12160,"CHARLES MCCROSSIN"
CM-12190,"CHARLOTTE MELTON"
CM-12235,"CHRIS MCAFEE"
CM-12385,"CHRISTOPHER MARTINEZ"
CM-12445,"CHUCK MAGEE"
CM-12655,"CORINNA MITCHELL"
CM-12715,"CRAIG MOLINARI"
Co-12640,COREY-LOCK
CP-12085,"CATHY PRESCOTT"
CP-12340,"CHRISTINE PHAN"
CR-12580,"CLAY ROZENDAL"
CR-12625,"COREY ROPER"
CR-12730,"CRAIG REITER"
CR-12820,"CYRA REITEN"
CS-11845,"CARI SAYRE"
CS-11860,"CARI SCHNELLING"
CS-11950,"CARLOS SOLTERO"
CS-12130,"CHAD SIEVERT"
CS-12175,"CHARLES SHELDON"
CS-12250,"CHRIS SELESNICK"
CS-12355,"CHRISTINE SUNDARESAM"
CS-12400,"CHRISTOPHER SCHILD"
CS-12460,"CHUCK SACHS"
CS-12490,"CINDY SCHNELLING"
CS-12505,"CINDY STEWART"
CT-11995,"CAROL TRIGGS"
CV-12295,"CHRISTINA VANDERZANDEN"
CV-12805,"CYNTHIA VOLTZ"
CW-11905,"CARL WEISS"
CY-12745,"CRAIG YEDWAB"
DA-13450,"DIANNA ARNETT"
DB-12910,"DANIEL BYRD"
DB-12970,"DARREN BUDD"
DB-13060,"DAVE BROOKS"
DB-13120,"DAVID BREMER"
DB-13210,"DEAN BRADEN"
DB-13270,"DEBORAH BRUMFIELD"
DB-13360,"DENNIS BOLTON"
DB-13405,"DENNY BLANTON"
DB-13555,"DOROTHY BADDERS"
DB-13615,"DOUG BICKFORD"
DC-12850,"DAN CAMPBELL"
DC-13285,"DEBRA CATINI"
DD-13570,"DOROTHY DICKINSON"
DE-13255,"DEANRA ENO"
DF-13135,"DAVID FLASHING"
DG-13300,"DEIRDRE GREER"
DH-13075,"DAVE HALLSTEN"
DH-13675,"DUANE HUFFMAN"
DJ-13420,"DENNY JOY"
DJ-13510,"DON JONES"
DJ-13630,"DOUG JACOBS"
DK-12835,"DAMALA KOTSONIS"
DK-12895,"DANA KAYDOS"
DK-12985,"DARREN KOUTRAS"
DK-13090,"DAVE KIPP"
DK-13150,"DAVID KENDRICK"
DK-13225,"DEAN KATZ"
DK-13375,"DENNIS KANE"
DL-12865,"DAN LAWERA"
DL-12925,"DANIEL LACY"
DL-13315,"DELFINA LATCHFORD"
DL-13330,"DENISE LEINENBACH"
DL-13495,"DIONIS LLOYD"
Dl-13600,"DORRIS LIEBE"
DM-12955,"DARIO MEDINA"
DM-13015,"DARRIN MARTIN"
DM-13345,"DENISE MONTON"
DM-13525,"DON MILLER"
DN-13690,"DUANE NOONAN"
DO-13435,"DENNY ORDWAY"
DO-13645,"DOUG O'CONNELL"
DP-13000,"DARREN POWERS"
DP-13105,"DAVE POIRIER"
DP-13165,"DAVID PHILIPPE"
Dp-13240,"DEAN PERCER"
DP-13390,"DENNIS PARDUE"
DR-12880,"DAN REICHENBACH"
DR-12940,"DANIEL RAGLIN"
DS-13030,"DARRIN SAYRE"
DS-13180,"DAVID SMITH"
DV-13045,"DARRIN VAN HUFF"
DV-13465,"DIANNA VITTORINI"
DW-13195,"DAVID WIENER"
DW-13480,"DIANNA WILSON"
DW-13540,"DON WEISS"
DW-13585,"DOROTHY WARDLE"
EA-14035,"ERIN ASHBROOK"
EB-13705,"ED BRAXTON"
EB-13750,"EDWARD BECKER"
EB-13840,"ELLIS BALLARD"
EB-13870,"EMILY BURNS"
EB-13930,"ERIC BARRETO"
EB-13975,"ERICA BERN"
EB-14110,"EUGENE BARCHAS"
EB-14170,"EVAN BAILLIET"
EC-14050,"ERIN CREIGHTON"
ED-13885,"EMILY DUCICH"
EG-13900,"EMILY GRADY"
EH-13765,"EDWARD HOOKS"
EH-13945,"ERIC HOFFMANN"
EH-13990,"ERICA HACKNEY"
EH-14005,"ERICA HERNANDEZ"
EH-14125,"EUGENE HILDEBRAND"
EH-14185,"EVAN HENRY"
EJ-13720,"ED JACOBS"
EJ-14155,"EVA JACOBS"
EK-13795,"EILEEN KIEFER"
EL-13735,"ED LUDWIG"
EM-13810,"ELENI MCCRARY"
EM-13825,"ELIZABETH MOFFITT"
EM-13960,"ERIC MURDOCK"
EM-14065,"ERIN MULL"
EM-14095,"EUDOKIA MARTIN"
EM-14140,"EUGENE MOREN"
EM-14200,"EVAN MINNOTTE"
EN-13780,"EDWARD NAZZAL"
EP-13915,"EMILY PHAN"
ER-13855,"ELPIDA RITTENBACH"
ES-14020,"ERICA SMITH"
ES-14080,"ERIN SMITH"
FA-14230,"FRANK ATKINSON"
FC-14245,"FRANK CARLISLE"
FC-14335,"FRED CHUNG"
FG-14260,"FRANK GASTINEAU"
FH-14275,"FRANK HAWLEY"
FH-14350,"FRED HARTON"
FH-14365,"FRED HOPKINS"
FM-14215,"FILIA MCADAMS"
FM-14290,"FRANK MERWIN"
FM-14380,"FRED MCMATH"
FO-14305,"FRANK OLSEN"
FP-14320,"FRANK PREIS"
FW-14395,"FRED WASSERMAN"
GA-14515,"GEORGE ASHBROOK"
GA-14725,"GUY ARMSTRONG"
GB-14530,"GEORGE BELL"
GB-14575,"GIULIETTA BAPTIST"
GD-14590,"GIULIETTA DORTCH"
GG-14650,"GREG GUTHRIE"
GH-14410,"GARY HANSEN"
GH-14425,"GARY HWANG"
GH-14485,"GENE HALE"
GH-14665,"GREG HANSEN"
GK-14620,"GRACE KELLY"
GM-14440,"GARY MCGARR"
GM-14455,"GARY MITCHUM"
GM-14500,"GENE MCCLURE"
GM-14680,"GREG MATTHIAS"
GM-14695,"GREG MAXWELL"
GP-14740,"GUY PHONELY"
GR-14560,"GEORGIA ROSENBERG"
GT-14635,"GRANT THORNTON"
GT-14710,"GREG TRAN"
GT-14755,"GUY THORNTON"
GW-14605,"GIULIETTA WEIMER"
GZ-14470,"GARY ZANDUSKY"
GZ-14545,"GEORGE ZREBASSA"
HA-14905,"HELEN ABELMAN"
HA-14920,"HELEN ANDREADA"
HD-14785,"HAROLD DAHLEN"
HE-14800,"HAROLD ENGLE"
HF-14995,"HERBERT FLENTYE"
HG-14845,"HARRY GREENE"
HG-14965,"HENRY GOLDWYN"
HG-15025,"HUNTER GLANTZ"
HH-15010,"HILARY HOLDEN"
HJ-14875,"HEATHER JAS"
HK-14890,"HEATHER KIRKLAND"
HL-15040,"HUNTER LOPEZ"
HM-14860,"HARRY MARIE"
HM-14980,"HENRY MACALLISTER"
HP-14815,"HAROLD PAWLAN"
HR-14770,"HALLIE REDMOND"
HR-14830,"HAROLD RYAN"
HW-14935,"HELEN WASSERMAN"
HZ-14950,"HENIA ZYDLO"
IG-15085,"IVAN GIBSON"
IL-15100,"IVAN LISTON"
IM-15055,"IONIA MCGRATH"
IM-15070,"IRENE MADDOX"
JA-15970,"JOSEPH AIRDO"
JB-15400,"JENNIFER BRAXTON"
JB-15925,"JONI BLUMSTEIN"
JB-16000,"JOY BELL-"
JB-16045,"JULIA BARNETT"
JC-15340,"JASPER CACIOPPO"
JC-15385,"JENNA CAFFEY"
JC-15775,"JOHN CASTELL"
JC-16105,"JULIE CREIGHTON"
JD-15790,"JOHN DRYER"
JD-15895,"JONATHAN DOHERTY"
JD-16015,"JOY DANIELS"
JD-16060,"JULIA DUNBAR"
JD-16150,"JUSTIN DEGGELLER"
JE-15475,"JEREMY ELLISON"
JE-15610,"JIM EPP"
JE-15715,"JOE ELIJAH"
JE-15745,"JOEL EATON"
JE-16165,"JUSTIN ELLISON"
JF-15190,"JAMIE FRAZER"
JF-15295,"JASON FORTUNE-"
JF-15355,"JAY FEIN"
JF-15415,"JENNIFER FERGUSON"
JF-15490,"JEREMY FARRY"
JF-15565,"JILL FJELD"
JG-15115,"JACK GARZA"
JG-15160,"JAMES GALANG"
JG-15310,"JASON GROSS"
JG-15805,"JOHN GRADY"
JH-15430,"JENNIFER HALLADAY"
JH-15820,"JOHN HUSTON"
JH-15910,"JONATHAN HOWELL"
JH-15985,"JOSEPH HOLT"
JH-16180,"JUSTIN HIRSH"
JJ-15445,"JENNIFER JACKSON"
JJ-15760,"JOEL JENKINS"
JK-15205,"JAMIE KUNITZ"
JK-15325,"JASON KLAMCZYNSKI"
JK-15370,"JAY KIMMEL"
JK-15625,"JIM KARLSSON"
JK-15640,"JIM KRIZ"
JK-15730,"JOE KAMBEROVA"
JK-16090,"JULIANA KROHN"
JK-16120,"JULIE KRIZ"
JL-15130,"JACK LEBRON"
JL-15175,"JAMES LANIER"
JL-15235,"JANET LEE"
JL-15505,"JEREMY LONSDALE"
JL-15835,"JOHN LEE"
JL-15850,"JOHN LUCAS"
JM-15250,"JANET MARTIN"
JM-15265,"JANET MOLINARI"
JM-15535,"JESSICA MYRICK"
JM-15580,"JILL MATTHIAS"
JM-15655,"JIM MITCHUM"
JM-15865,"JOHN MURRAY"
JM-16195,"JUSTIN MACKENDRICK"
JO-15145,"JACK O'BRIANT"
JO-15280,"JAS O'CARROLL"
JO-15550,"JESUS OCAMPO"
JP-15460,"JENNIFER PATT"
JP-15520,"JEREMY PISTEK"
JP-16135,"JULIE PRESCOTT"
JR-15670,"JIM RADFORD"
JR-15700,"JOCASTA RUPERT"
JR-16210,"JUSTIN RITTER"
JS-15595,"JILL STEVENSON"
JS-15685,"JIM SINK"
JS-15880,"JOHN STEVENSON"
JS-15940,"JONI SUNDARESAM"
JS-16030,"JOY SMITH"
JW-15220,"JANE WACO"
JW-15955,"JONI WASSERMAN"
JW-16075,"JULIA WEST"
KA-16525,"KELLY ANDREADA"
KB-16240,"KAREN BERN"
KB-16315,"KARL BRAUN"
KB-16405,"KATRINA BAVINGER"
KB-16585,"KEN BLACK"
KB-16600,"KEN BRENNAN"
KC-16255,"KAREN CARLISLE"
KC-16540,"KELLY COLLISTER"
KC-16675,"KIMBERLY CARTER"
KD-16270,"KAREN DANIELS"
KD-16345,"KATHERINE DUCICH"
KD-16495,"KEITH DAWKINS"
KD-16615,"KEN DANA"
KE-16420,"KATRINA EDELMAN"
KF-16285,"KAREN FERGUSON"
KH-16330,"KATHARINE HARMS"
KH-16360,"KATHERINE HUGHES"
KH-16510,"KEITH HERRERA"
KH-16630,"KEN HEIDEL"
KH-16690,"KRISTEN HASTINGS"
KL-16555,"KELLY LAMPKIN"
KL-16645,"KEN LONSDALE"
KM-16225,"KALYCA MEADE"
KM-16375,"KATHERINE MURRAY"
KM-16660,"KHLOE MILLER"
KM-16720,"KUNST MILLER"
KN-16390,"KATHERINE NOCKTON"
KN-16450,"KEAN NGUYEN"
KN-16705,"KRISTINA NUNN"
KS-16300,"KAREN SEIO"
KT-16465,"KEAN TAKAHITO"
KT-16480,"KEAN THORNTON"
KW-16435,"KATRINA WILLMAN"
KW-16570,"KELLY WILLIAMS"
LA-16780,"LAURA ARMSTRONG"
LB-16735,"LARRY BLACKS"
LB-16795,"LAUREL BELTRAN"
LC-16870,"LENA CACIOPPO"
LC-16885,"LENA CREIGHTON"
LC-16930,"LINDA CAZAMIAS"
LC-16960,"LINDSAY CASTELL"
LC-17050,"LIZ CARLISLE"
LC-17140,"LOGAN CURRIE"
LD-16855,"LELA DONOVAN"
LD-17005,"LISA DECHERNEY"
LE-16810,"LAUREL ELLISTON"
LF-17185,"LUKE FOSTER"
LH-16750,"LARRY HUGHES"
LH-16900,"LENA HERNANDEZ"
LH-17020,"LISA HAZARD"
LH-17155,"LOGAN HAUSHALTER"
LL-16840,"LAUREN LEATHERBURY"
LM-17065,"LIZ MACKENDRICK"
LO-17170,"LORI OLSON"
LP-17080,"LIZ PELLETIER"
LP-17095,"LIZ PREIS"
LR-16915,"LENA RADFORD"
LR-17035,"LISA RYAN"
LS-16945,"LINDA SOUTHWORTH"
LS-16975,"LINDSAY SHAGIARI"
LS-17200,"LUKE SCHMIDT"
LS-17230,"LYCORIS SAUNDERS"
LS-17245,"LYNN SMITH"
LT-16765,"LARRY TRON"
LT-17110,"LIZ THOMPSON"
LW-16825,"LAUREL WORKMAN"
LW-16990,"LINDSAY WILLIAMS"
LW-17125,"LIZ WILLINGHAM"
LW-17215,"LUKE WEISS"
MA-17560,"MATT ABELMAN"
MA-17995,"MICHELLE ARNETT"
MB-17305,"MARIA BERTELSON"
MB-18085,"MICK BROWN"
MC-17275,"MARC CRIER"
MC-17425,"MARK COUSINS"
MC-17575,"MATT COLLINS"
MC-17590,"MATT COLLISTER"
MC-17605,"MATT CONNELL"
MC-17635,"MATTHEW CLASEN"
MC-17845,"MICHAEL CHEN"
MC-18100,"MICK CREBAGGA"
MC-18130,"MIKE CAUDLE"
MD-17350,"MARIBETH DONA"
MD-17860,"MICHAEL DOMINGUEZ"
ME-17320,"MARIA ETEZADI"
ME-17725,"MAX ENGLE"
ME-18010,"MICHELLE ELLISON"
MF-17665,"MAUREEN FRITZLER"
MF-18250,"MONICA FEDERLE"
MG-17650,"MATTHEW GRINSTEIN"
MG-17680,"MAUREEN GASTINEAU"
MG-17695,"MAUREEN GNADE"
MG-17875,"MICHAEL GRACE"
MG-17890,"MICHAEL GRANLUND"
MG-18145,"MIKE GOCKENBACH"
MG-18205,"MITCH GASTINEAU"
MH-17290,"MARC HARRIGAN"
MH-17440,"MARK HABERLIN"
MH-17455,"MARK HAMILTON"
MH-17620,"MATT HAGELSTEIN"
MH-17785,"MAYA HERMAN"
MH-18025,"MICHELLE HUTHWAITE"
MH-18115,"MICK HERNANDEZ"
MJ-17740,"MAX JONES"
MK-17905,"MICHAEL KENNEDY"
MK-18160,"MIKE KENNEDY"
ML-17395,"MARINA LICHTENSTEIN"
ML-17410,"MARIS LAWARE"
ML-17755,"MAX LUDWIG"
ML-18040,"MICHELLE LONSDALE"
ML-18265,"MUHAMMED LEE"
MM-17260,"MAGDELENE MORSE"
MM-17920,"MICHAEL MOORE"
MM-18055,"MICHELLE MORAY"
MM-18280,"MUHAMMED MACINTYRE"
MN-17935,"MICHAEL NGUYEN"
MO-17500,"MARY O'ROURKE"
MO-17800,"MEG O'CONNEL"
MO-17950,"MICHAEL OAKMAN"
MP-17470,"MARK PACKER"
MP-17965,"MICHAEL PAIGE"
MP-18175,"MIKE PELLETIER"
MR-17545,"MATHEW REESE"
MS-17365,"MARIBETH SCHNELLING"
MS-17530,"MARYBETH SKACH"
MS-17710,"MAURICE SATTY"
MS-17770,"MAXWELL SCHWARTZ"
MS-17830,"MELANIE SEITE"
MS-17980,"MICHAEL STEWART"
MT-17815,"MEG TILLMAN"
MT-18070,"MICHELLE TRAN"
MV-17485,"MARK VAN HUFF"
MV-18190,"MIKE VITTORINI"
MW-18220,"MITCH WEBBER"
MW-18235,"MITCH WILLINGHAM"
MY-17380,"MARIBETH YEDWAB"
MY-18295,"MUHAMMED YEDWAB"
MZ-17335,"MARIA ZETTNER"
MZ-17515,"MARY ZEWE"
NB-18580,"NICOLE BRENNAN"
NB-18655,"NONA BALK"
NC-18340,"NAT CARROLL"
NC-18415,"NATHAN CANO"
NC-18535,"NICK CREBASSA"
NC-18625,"NOAH CHILDS"
ND-18370,"NATALIE DECHERNEY"
ND-18460,"NEIL DUCICH"
NF-18385,"NATALIE FRITZLER"
NF-18475,"NEIL FRANZ?SISCH"
NF-18595,"NICOLE FJELD"
NG-18355,"NAT GILPIN"
NG-18430,"NATHAN GELDER"
NH-18610,"NICOLE HANSEN"
NK-18490,"NEIL KNUDSON"
NL-18310,"NANCY LOMONACO"
NM-18445,"NATHAN MAUTZ"
NM-18520,"NEOMA MURRAY"
NP-18325,"NARESJ PATEL"
NP-18670,"NORA PAIGE"
NP-18685,"NORA PELLETIER"
NP-18700,"NORA PREIS"
NR-18550,"NICK RADFORD"
NS-18505,"NEOLA SCHNEIDER"
NS-18640,"NOEL STAAVOS"
NW-18400,"NATALIE WEBBER"
NZ-18565,"NICK ZANDUSKY"
ON-18715,"ODELLA NELSON"
OT-18730,"OLVERA TOCH"
PA-19060,"PETE ARMSTRONG"
PB-18805,"PATRICK BZOSTEK"
PB-19150,"PHILIP BROWN"
PB-19210,"PHILLIP BREYER"
PC-18745,"PAMELA COAKLEY"
PC-19000,"PAULINE CHAND"
PF-19120,"PETER FULLER"
PF-19165,"PHILIP FOX"
PF-19225,"PHILLIP FLATHMANN"
PG-18820,"PATRICK GARDNER"
PG-18895,"PAUL GONZALEZ"
PH-18790,"PATRICIA HIRASAKI"
PJ-18835,"PATRICK JONES"
PJ-19015,"PAULINE JOHNSON"
PK-18910,"PAUL KNUTSON"
PK-19075,"PETE KRIZ"
PL-18925,"PAUL LUCAS"
PM-18940,"PAUL MACINTYRE"
PM-19135,"PETER MCVEE"
PN-18775,"PARHENA NORRIS"
PO-18850,"PATRICK O'BRILL"
PO-18865,"PATRICK O'DONNELL"
PO-19180,"PHILISSE OVERCASH"
PO-19195,"PHILLINA OBER"
PP-18955,"PAUL PROST"
PR-18880,"PATRICK RYAN"
PS-18760,"PAMELA STOBB"
PS-18970,"PAUL STEVENSON"
PS-19045,"PENELOPE SEWALL"
PT-19090,"PETE TAKAHITO"
PV-18985,"PAUL VAN HUGH"
PW-19030,"PAULINE WEBBER"
PW-19240,"PIERRE WENER"
QJ-19255,"QUINCY JONES"
RA-19285,"RALPH ARNETT"
RA-19885,"RUBEN AUSMAN"
RA-19915,"RUSSELL APPLEGATE"
RA-19945,"RYAN AKIN"
RB-19330,"RANDY BRADLEY"
RB-19360,"RAYMOND BUCH"
RB-19435,"RICHARD BIERNER"
RB-19465,"RICK BENSLEY"
RB-19570,"ROB BEEGHLY"
RB-19645,"ROBERT BARROSO"
RB-19705,"ROGER BARCIO"
RB-19795,"ROSS BAIRD"
RC-19825,"ROY COLLINS"
RC-19960,"RYAN CROWE"
RD-19480,"RICK DUSTON"
RD-19585,"ROB DOWD"
RD-19660,"ROBERT DILBECK"
RD-19720,"ROGER DEMIR"
RD-19810,"ROSS DEVINCENTIS"
RD-19900,"RUBEN DARTT"
RD-19930,"RUSSELL D'ASCENZO"
RE-19405,"RICARDO EMERSON"
RE-19450,"RICHARD EICHHORN"
RF-19345,"RANDY FERGUSON"
RF-19735,"ROLAND FJELD"
RF-19840,"ROY FRANZ?SISCH"
RH-19495,"RICK HANSEN"
RH-19510,"RICK HUTHWAITE"
RH-19555,"RITSA HIGHTOWER"
RH-19600,"ROB HABERLIN"
RK-19300,"RALPH KENNEDY"
RL-19615,"ROB LUCAS"
RM-19375,"RAYMOND MESSE"
RM-19675,"ROBERT MARLEY"
RM-19750,"ROLAND MURRAY"
RO-19780,"ROSE O'BRIAN"
RP-19270,"RACHEL PAYNE"
RP-19390,"RESI P?LKING"
RP-19855,"ROY PHAN"
RR-19525,"RICK REED"
RS-19420,"RICARDO SPERREN"
RS-19765,"ROLAND SCHWARZ"
RS-19870,"ROY SKARIA"
RW-19540,"RICK WILSON"
RW-19630,"ROB WILLIAMS"
RW-19690,"ROBERT WALDORF"
SA-20830,"SUE ANN REED"
SB-20170,"SARAH BERN"
SB-20185,UNKNOWN
SB-20290,"SEAN BRAXTON"
SC-20020,"SAM CRAVEN"
SC-20050,"SAMPLE COMPANY A"
SC-20095,"SANJIT CHAND"
SC-20230,"SCOT CORAM"
SC-20260,"SCOTT COHEN"
SC-20305,"SEAN CHRISTENSEN"
SC-20380,"SHAHID COLLISTER"
SC-20440,"SHAUN CHANCE"
SC-20575,"SONIA COOLEY"
SC-20680,"STEVE CARROLL"
SC-20695,"STEVE CHAPMAN"
SC-20725,"STEVEN CARTWRIGHT"
SC-20770,"STEWART CARMICHAEL"
SC-20800,"STUART CALHOUN"
SC-20845,"SUNG CHUNG"
SD-20485,"SHIRLEY DANIELS"
SE-20110,"SANJIT ENGLE"
SF-20065,"SANDRA FLANAGAN"
SF-20200,"SARAH FOSTER"
SF-20965,"SYLVIA FOULSTON"
SG-20080,"SANDRA GLASSCO"
SG-20470,"SHERI GORDON"
SG-20605,"SPEROS GORANITIS"
SG-20890,"SUSAN GILCREST"
SH-19975,"SALLY HUGHSBY"
SH-20395,"SHAHID HOPKINS"
SH-20635,"STEFANIE HOLLOMAN"
SJ-20125,UNKNOWN
SJ-20215,"SARAH JORDON"
SJ-20500,"SHIRLEY JACKSON"
SK-19990,"SALLY KNUTSON"
SL-20155,"SARA LUXEMBURG"
SM-20005,"SALLY MATTHIAS"
SM-20320,"SEAN MILLER"
SM-20905,"SUSAN MACKENDRICK"
SM-20950,"SUZANNE MCNAIR"
SN-20560,"SKYE NORLING"
SN-20710,"STEVE NGUYEN"
SO-20335,"SEAN O'DONNELL"
SP-20545,"SIBELLA PARKS"
SP-20620,"STEFANIA PERRINO"
SP-20650,"STEPHANIE PHELPS"
SP-20860,"SUNG PAK"
SP-20920,"SUSAN PISTEK"
SR-20425,"SHARELLE ROACH"
SR-20740,"STEVEN ROELLE"
SS-20140,"SAPHHIRA SHIFLEY"
SS-20410,"SHAHID SHARIARI"
SS-20515,"SHIRLEY SCHMIDT"
SS-20590,"SONIA SUNLEY"
SS-20875,"SUNG SHARIARI"
ST-20530,"SHUI TOM"
SU-20665,"STEPHANIE ULPRIGHT"
SV-20365,"SETH VERNON"
SV-20785,"STEWART VISINSKY"
SV-20815,"STUART VAN"
SV-20935,"SUSAN VITTORINI"
SW-20245,"SCOT WOOTEN"
SW-20275,"SCOTT WILLIAMSON"
SW-20350,"SEAN WENDT"
SW-20455,"SHAUN WEIEN"
SW-20755,"STEVEN WARD"
SZ-20035,"SAM ZELDIN"
TA-21385,"TOM ASHBROOK"
TB-21055,"TED BUTTERFIELD"
TB-21175,"THOMAS BOLAND"
TB-21190,"THOMAS BRUMLEY"
TB-21250,"TIM BROCKMAN"
TB-21280,"TOBY BRAUNHARDT"
TB-21355,"TODD BOYES"
TB-21400,"TOM BOECKENHAUER"
TB-21520,"TRACY BLUMSTEIN"
TB-21625,"TRUDY BROWN"
TC-20980,"TAMARA CHAND"
TC-21145,"THERESA COYNE"
TC-21295,"TOBY CARLISLE"
TC-21475,"TONY CHAPMAN"
TC-21535,"TRACY COLLINS"
TD-20995,"TAMARA DAHLEN"
TG-21310,"TOBY GNADE"
TG-21640,"TRUDY GLOCKE"
TH-21100,"THEA HENDRICKS"
TH-21115,"THEA HUDGINGS"
TH-21235,"TIFFANY HOUSE"
TH-21550,"TRACY HOPKINS"
TM-21010,"TAMARA MANNING"
TM-21490,"TONY MOLINARI"
TN-21040,"TANJA NORVELL"
TP-21130,"THEONE PIPPENGER"
TP-21415,"TOM PRESCOTT"
TP-21565,"TRACY PODDAR"
TR-21325,"TOBY RITTER"
TS-21085,"THAIS SISSMAN"
TS-21160,"THERESA SWINT"
TS-21205,"THOMAS SEIO"
TS-21340,"TOBY SWINDELL"
TS-21370,"TODD SUMRALL"
TS-21430,"TOM STIVERS"
TS-21505,"TONY SAYRE"
TS-21610,"TROY STAEBEL"
TS-21655,"TRUDY SCHMIDT"
TT-21070,"TED TREVINO"
TT-21220,"THOMAS THORNTON"
TT-21265,"TIM TASLIMI"
TT-21460,"TONJA TURNELL"
TW-21025,"TAMARA WILLINGHAM"
TZ-21580,"TRACY ZIC"
VB-21745,"VICTORIA BRENNAN"
VD-21670,"VALERIE DOMINGUEZ"
VF-21715,"VICKY FREYMANN"
VG-21790,"VIVEK GONZALEZ"
VG-21805,"VIVEK GRADY"
VM-21685,"VALERIE MITCHUM"
VM-21835,"VIVIAN MATHIS"
VP-21730,"VICTOR PREIS"
VP-21760,"VICTORIA PISTEKA"
VS-21820,"VIVEK SUNDARESAM"
VT-21700,"VALERIE TAKAHITO"
VW-21775,"VICTORIA WILSON"
WB-21850,"WILLIAM BROWN"
XP-21865,"XYLONA PREIS"
YC-21895,"YOSEPH CARROLL"
YS-21880,"YANA SORENSEN"
ZC-21910,"ZUSCHUSS CARROLL"
ZD-21925,"ZUSCHUSS DONATELLI"
